model,train_r2,test_r2,train_test_gap,cv_mean_rmse,cv_std_rmse,test_rmse,test_mae,test_mape,adjusted_r2,within_15pct_acc
LightGBM,0.8551,0.8339,0.0212,3.9152,0.0212,3.885,1.9579,0.1929,0.8339,0.5308
RandomForest,0.8736,0.8336,0.04,3.9235,0.0244,3.8882,1.965,0.1945,0.8336,0.527
ExtraTrees,0.8747,0.8317,0.0431,3.9407,0.0234,3.9111,1.9907,0.198,0.8317,0.5177
XGBoost,0.8727,0.8303,0.0424,3.9508,0.0256,3.9265,1.9519,0.1919,0.8303,0.5366
NeuralNet,0.8364,0.8287,0.0077,4.0,0.0444,3.9455,1.9367,0.19,0.8287,0.5465
CatBoost,0.8335,0.8265,0.007,3.9849,0.0231,3.9706,2.0183,0.1978,0.8265,0.5153
KNN,0.8411,0.8179,0.0232,4.1231,0.0249,4.0684,2.0303,0.1963,0.8179,0.5384
GradientBoosting,0.8226,0.8161,0.0064,4.101,0.0264,4.0878,2.0837,0.2028,0.8161,0.5003
DecisionTree,0.8246,0.8118,0.0128,4.1844,0.0276,4.1357,2.1242,0.209,0.8118,0.4906
AdaBoost,0.7343,0.7361,0.0018,4.9457,0.0392,4.8973,2.5707,0.2541,0.7361,0.4151
LinearRegression,0.6745,0.6794,0.0049,5.4742,0.0379,5.3975,2.792,0.2694,0.6794,0.375
Ridge,0.6745,0.6794,0.0049,5.4742,0.0379,5.3975,2.792,0.2694,0.6794,0.375
Lasso,0.6745,0.6794,0.0049,5.4743,0.0379,5.3975,2.7926,0.2695,0.6794,0.3751
SGD,0.6742,0.679,0.0048,5.4854,0.0379,5.4009,2.816,0.2742,0.679,0.3714
ElasticNet,0.6589,0.6634,0.0045,5.6045,0.0401,5.5308,2.9387,0.2829,0.6634,0.357
