timestamp,pickup_datetime,passenger_count,predicted_fare_usd,fare_band,pricing_flag
1789280259.7056293,2024-06-15T18:30:00Z,2,91.64,PREMIUM,AIRPORT_FLAT_CANDIDATE
1789280262.1980312,2024-06-15T14:00:00Z,1,4.06,LOW,
1789920890.7116783,2026-09-18T13:14:47Z,3,6.54,LOW,
1789920891.3495882,2026-09-18T12:14:51Z,2,16.69,MEDIUM,SURGE_ELIGIBLE
1789920891.983114,2026-09-18T06:14:51Z,2,11.21,MEDIUM,
1789920892.618506,2026-09-20T06:14:52Z,3,20.87,MEDIUM,
1789920893.254421,2026-09-19T08:14:53Z,4,16.77,MEDIUM,
1789920893.8910046,2026-09-19T20:14:53Z,2,10.38,MEDIUM,
1789920894.5133247,2026-09-18T22:14:54Z,4,13.79,MEDIUM,
1789920895.1352282,2026-09-19T22:14:55Z,3,10.59,MEDIUM,
1789920895.7686987,2026-09-20T07:14:55Z,3,6.13,LOW,
1789920896.404087,2026-09-19T12:14:56Z,1,14.59,MEDIUM,SURGE_ELIGIBLE
1789920897.036785,2026-09-19T09:14:56Z,1,7.78,LOW,
1789920897.651254,2026-09-19T03:14:57Z,3,8.53,LOW,
1789920898.2794254,2026-09-18T11:14:58Z,3,12.24,MEDIUM,
1789920898.9290621,2026-09-18T04:14:58Z,1,13.04,MEDIUM,
1789920899.5432315,2026-09-19T01:14:59Z,1,10.21,MEDIUM,
1789920900.1902483,2026-09-17T22:15:00Z,3,8.67,LOW,
1789920900.8209877,2026-09-19T18:15:00Z,2,8.42,LOW,
1789920901.4521685,2026-09-19T01:15:01Z,3,16.27,MEDIUM,
1789920902.0915987,2026-09-19T18:15:01Z,1,36.7,HIGH,
1789920902.7162821,2026-09-20T12:15:02Z,4,8.6,LOW,
1789920984.7997127,2024-06-15T18:30:00Z,1,52.56,HIGH,AIRPORT_FLAT_CANDIDATE
1789924592.3926427,2024-06-15T18:30:00Z,1,52.56,HIGH,AIRPORT_FLAT_CANDIDATE
1789924692.4702559,2024-06-15T18:30:00Z,1,52.56,HIGH,AIRPORT_FLAT_CANDIDATE
1789924774.5783617,2024-06-15T18:30:00Z,1,52.56,HIGH,AIRPORT_FLAT_CANDIDATE
1789924869.008193,2024-06-15T18:30:00Z,1,52.56,HIGH,AIRPORT_FLAT_CANDIDATE
1790015911.4191191,2026-09-20T04:38:28Z,3,8.44,LOW,
1790015912.0068905,2026-09-19T06:38:31Z,4,9.09,LOW,
1790015912.6074395,2026-09-20T22:38:32Z,1,14.24,MEDIUM,
1790015913.1843941,2026-09-19T07:38:33Z,3,8.46,LOW,
1790015913.7590404,2026-09-20T14:38:33Z,1,16.65,MEDIUM,
1790015914.3701067,2026-09-20T04:38:34Z,1,10.1,MEDIUM,
1790015914.961803,2026-09-19T09:38:34Z,4,11.41,MEDIUM,
1790015915.5553794,2026-09-20T10:38:35Z,2,8.74,LOW,
1790015916.1383362,2026-09-19T07:38:36Z,2,10.44,MEDIUM,
1790015916.7286217,2026-09-20T10:38:36Z,4,10.92,MEDIUM,
1790015917.3103821,2026-09-21T03:38:37Z,4,17.82,MEDIUM,
1790015917.886553,2026-09-19T19:38:37Z,4,14.34,MEDIUM,
1790015918.504409,2026-09-20T05:38:38Z,1,13.2,MEDIUM,
1790015919.0987537,2026-09-19T06:38:39Z,2,14.93,MEDIUM,
1790015919.6947253,2026-09-21T03:38:39Z,4,11.59,MEDIUM,
1790015920.2748406,2026-09-18T21:38:40Z,1,12.51,MEDIUM,
1790015920.8720126,2026-09-19T10:38:40Z,2,31.3,HIGH,
1790015921.4600048,2026-09-20T21:38:41Z,3,6.21,LOW,
1790015922.0429986,2026-09-18T23:38:41Z,3,16.71,MEDIUM,
1790015922.6431744,2026-09-20T06:38:42Z,3,14.76,MEDIUM,
1790016027.0232115,2024-06-15T18:30:00Z,1,52.56,HIGH,AIRPORT_FLAT_CANDIDATE
1790016309.541418,2024-06-15T18:30:00Z,1,52.56,HIGH,AIRPORT_FLAT_CANDIDATE
